{
  "timestamp": "2026-01-27T17:53:57.556847",
  "results": {
    "baseline": {
      "total_pnl": 8678.84304578547,
      "sharpe_ratio": 14.554096829541942,
      "max_drawdown": 0.006771856119754964,
      "win_rate": 0.6493150684931507,
      "profit_factor": 1.0819169879276613
    },
    "vol_only": {
      "total_pnl": 14117.31089874485,
      "sharpe_ratio": 22.794231335241843,
      "max_drawdown": 0.00431135505455101,
      "win_rate": 0.6958904109589041,
      "profit_factor": 1.133589589044901
    },
    "combined": {
      "total_pnl": 14567.034495202148,
      "sharpe_ratio": 23.475324512248495,
      "max_drawdown": 0.004243600207113157,
      "win_rate": 0.7068493150684931,
      "profit_factor": 1.131024886618292
    }
  }
}