{"timestamp": 1770109514.2139485, "balance": {"USDT": 4874.6712426432905}, "position": {"amount": -0.008, "entryPrice": 78837.19285714286, "unrealizedPnL": 0.8339428571428871}, "mid_price": 78732.95, "open_orders_list": [], "open_orders": 14, "market_regime": "neutral | RSI: 46.5 | BB%: 0.42", "regime": "neutral | RSI: 46.5 | BB%: 0.42", "cumulative_grid_profit": 87.3906, "last_increase_price": 0.0}