{"timestamp": 1770125240.756571, "balance": {"USDT": 4878.9206405532905}, "position": {"amount": 0.007, "entryPrice": 78111.72857142858, "unrealizedPnL": 0.9654499999998807}, "mid_price": 78249.65, "open_orders_list": [], "open_orders": 14, "market_regime": "neutral | RSI: 45.8 | BB%: 0.29", "regime": "neutral | RSI: 45.8 | BB%: 0.29", "cumulative_grid_profit": 87.3906, "last_increase_price": 0.0}